Variables,missing_percentage
Body mass index,4.1891891891891895
Absenteeism time in hours,2.9729729729729732
Height,1.891891891891892
Work load Average/day ,1.3513513513513513
Transportation expense,0.945945945945946
Hit target,0.8108108108108109
Age,0.40540540540540543
Service time,0.40540540540540543
Distance from Residence to Work,0.40540540540540543
Weight,0.13513513513513514
